# Hastighet, Substratkonsentrasjon
1.039837398158138804e-02,4.000000000000000000e+01
1.398455286673387643e-02,6.000000000000000000e+01
1.986788617672397006e-02,1.200000000000000000e+02
2.433780487592063224e-02,2.250000000000000000e+02
2.714756097348780539e-02,9.000000000000000000e+02
