Hastighet,Substratkonsentrasjon
0.010398373981581388,40
0.013984552866733876,60
0.01986788617672397,120
0.024337804875920632,225
0.027147560973487805,900
